pr,lane,target_tokens,summary,ordinal,base_tokens_per_second,head_tokens_per_second,delta_percent,base_output_sha256,head_output_sha256,base_marker_correct,head_marker_correct
28489,prefill,8192,paired,1,77.73598989288107,78.36019580191842,0.802982,50726fd5b41f7683631df5517ef69952d7c9c857bd40893dc55f630c3349682a,50726fd5b41f7683631df5517ef69952d7c9c857bd40893dc55f630c3349682a,true,true
28489,prefill,8192,paired,2,91.68077126460001,92.94228001188809,1.375980,50726fd5b41f7683631df5517ef69952d7c9c857bd40893dc55f630c3349682a,50726fd5b41f7683631df5517ef69952d7c9c857bd40893dc55f630c3349682a,true,true
28489,prefill,8192,median,median,84.70838057874053,85.65123790690325,1.113063,,,true,true
28501,prefill,8192,paired,1,77.95161920022113,77.84748182848666,-0.133592,50726fd5b41f7683631df5517ef69952d7c9c857bd40893dc55f630c3349682a,50726fd5b41f7683631df5517ef69952d7c9c857bd40893dc55f630c3349682a,true,true
28501,prefill,8192,paired,2,92.56029690148088,93.21662272812604,0.709079,50726fd5b41f7683631df5517ef69952d7c9c857bd40893dc55f630c3349682a,50726fd5b41f7683631df5517ef69952d7c9c857bd40893dc55f630c3349682a,true,true
28501,prefill,8192,median,median,85.25595805085100,85.53205227830635,0.323842,,,true,true
28501,prefill,32768,paired,1,84.54563773783006,85.03084634026213,0.573901,23c1302cb4fa8a80f5c0db67a5f4f2094da185d6995b1744c9c071e8ae574980,23c1302cb4fa8a80f5c0db67a5f4f2094da185d6995b1744c9c071e8ae574980,true,true
28501,prefill,32768,paired,2,88.17253246094780,88.13454963421245,-0.043078,23c1302cb4fa8a80f5c0db67a5f4f2094da185d6995b1744c9c071e8ae574980,23c1302cb4fa8a80f5c0db67a5f4f2094da185d6995b1744c9c071e8ae574980,true,true
28501,prefill,32768,median,median,86.35908509938893,86.58269798723728,0.258934,,,true,true
